"ComparisonType","scenarioID","time","CO2eq_change_Mt","per_capita_change_tonnePerPerson","X._CO2eq_change","X._per_capita_change"
"BaseYr",42,2050,0.4183146,-3.097631,38.24768,-19.56944
"BaseYr",44,2050,0.1569083,-5.298695,14.34657,-33.47477
"BaseYr",45,2050,-0.7695355,-13.09943,-70.36079,-82.75632
"BAU",44,2050,-0.2614063,-2.201064,-17.28862,-17.28862
"BAU",45,2050,-1.18785,-10.0018,-78.56079,-78.56079
