"ComparisonType","scenarioID","time","CO2eq_change_Mt","per_capita_change_tonnePerPerson","X._CO2eq_change","X._per_capita_change"
"BaseYr",56,2050,0.3301085,-2.285103,39.57285,-18.92749
"BaseYr",57,2050,0.1543871,-3.762342,18.50766,-31.16345
"BaseYr",58,2050,-0.5751247,-9.895135,-68.94498,-81.96133
"BAU",57,2050,-0.1757214,-1.477239,-15.09261,-15.09262
"BAU",58,2050,-0.9052331,-7.610032,-77.74996,-77.74995
