"ComparisonType","scenarioID","time","CO2eq_change_Mt","per_capita_change_tonnePerPerson","X._CO2eq_change","X._per_capita_change"
"BaseYr",6,2050,20.61663,-0.05186133,31.56612,-1.06141
"BaseYr",12,2050,12.11749,-0.4903325,19.18114,-10.375
"BaseYr",35,2050,14.34317,-0.4311304,21.49368,-8.635951
"BAU",12,2050,-10.63766,-0.5984555,-12.37957,-12.37957
"BAU",35,2050,-4.853965,-0.2730752,-5.648798,-5.648796
