"ComparisonType","scenarioID","time","EnergyUse_change_PJ","per_capita_change_GJPerPerson","X._EnergyUse_change","X._per_capita_change"
"BaseYr",56,2050,3.831333,-25.25562,40.44464,-18.4211
"BaseYr",57,2050,2.192815,-39.03016,23.14797,-28.46807
"BaseYr",58,2050,-0.8533316,-64.63824,-9.00801,-47.14625
"BAU",57,2050,-1.638518,-13.77454,-12.31564,-12.31564
"BAU",58,2050,-4.684665,-39.38262,-35.21149,-35.21149
