"ComparisonType","scenarioID","time","EnergyUse_change_PJ","per_capita_change_GJPerPerson","X._EnergyUse_change","X._per_capita_change"
"BaseYr",18,2050,3.671906,-43.0028,30.06618,-24.32932
"BaseYr",23,2050,3.605294,-43.56367,29.52075,-24.64664
"BaseYr",25,2050,5.459658,-27.94976,44.70459,-15.81289
"BAU",23,2050,-0.06661172,-0.5608734,-0.4193464,-0.4193441
"BAU",25,2050,1.787752,15.05304,11.25459,11.25459
