"ComparisonType","scenarioID","time","EnergyUse_change_PJ","per_capita_change_GJPerPerson","X._EnergyUse_change","X._per_capita_change"
"BaseYr",6,2050,1240.484,14.63665,41.72959,6.581586
"BaseYr",12,2050,1093.71,6.379438,36.79216,2.868609
"BaseYr",35,2050,930.4936,-2.802827,31.30159,-1.260333
"BAU",12,2050,-146.7735,-8.257208,-3.483696,-3.483694
"BAU",35,2050,-309.99,-17.43947,-7.357668,-7.357668
